-- phpMyAdmin SQL Dump
-- version 4.9.5
-- https://www.phpmyadmin.net/
--
-- Хост: localhost
-- Время создания: Май 07 2020 г., 11:33
-- Версия сервера: 10.3.16-MariaDB
-- Версия PHP: 7.3.12

SET SQL_MODE = "NO_AUTO_VALUE_ON_ZERO";
SET AUTOCOMMIT = 0;
START TRANSACTION;
SET time_zone = "+00:00";


/*!40101 SET @OLD_CHARACTER_SET_CLIENT=@@CHARACTER_SET_CLIENT */;
/*!40101 SET @OLD_CHARACTER_SET_RESULTS=@@CHARACTER_SET_RESULTS */;
/*!40101 SET @OLD_COLLATION_CONNECTION=@@COLLATION_CONNECTION */;
/*!40101 SET NAMES utf8mb4 */;

--
-- База данных: `id13589731_basepd`
--

-- --------------------------------------------------------

--
-- Структура таблицы `call`
--

CREATE TABLE `call` (
  `id` int(11) NOT NULL,
  `fio` tinytext NOT NULL,
  `number` bigint(11) NOT NULL
) ENGINE=InnoDB DEFAULT CHARSET=utf8;

-- --------------------------------------------------------

--
-- Структура таблицы `clinics`
--

CREATE TABLE `clinics` (
  `id` int(11) NOT NULL,
  `name` longtext NOT NULL,
  `city` longtext NOT NULL,
  `street` longtext NOT NULL,
  `house` tinytext NOT NULL,
  `specializations` longtext NOT NULL,
  `services` longtext NOT NULL,
  `doctors` longtext NOT NULL
) ENGINE=InnoDB DEFAULT CHARSET=utf8;

--
-- Дамп данных таблицы `clinics`
--

INSERT INTO `clinics` (`id`, `name`, `city`, `street`, `house`, `specializations`, `services`, `doctors`) VALUES
(2, 'Главное отделение', 'Москва', 'Павла Корчагина ', '15', 'все', 'все', 'все');

-- --------------------------------------------------------

--
-- Структура таблицы `services`
--

CREATE TABLE `services` (
  `id` int(11) NOT NULL,
  `specialization` int(11) NOT NULL,
  `service` longtext DEFAULT NULL,
  `price` int(10) NOT NULL
) ENGINE=InnoDB DEFAULT CHARSET=utf8;

--
-- Дамп данных таблицы `services`
--

INSERT INTO `services` (`id`, `specialization`, `service`, `price`) VALUES
(0, 0, 'Прием врача-акушера-гинеколога первичный', 850),
(1, 0, 'Прием врача-акушера-гинеколога первичный с ультразвуковым исследованием органов малого таза', 1700),
(2, 0, 'Прием врача-акушера-гинеколога повторный', 750),
(3, 0, 'Прием врача-акушера-гинеколога по беременности первичный', 1700),
(4, 0, 'Прием врача-акушера-гинеколога по беременности повторный', 1200),
(5, 1, 'Первичный прием врача аллерголога-иммунолога', 800),
(6, 1, 'Повторный прием врача аллерголога-иммунолога', 700),
(7, 2, 'Первичный прием гастроэнтеролога', 800),
(8, 2, 'Повторный прием гастроэнтеролога', 660),
(9, 2, 'Прием врача-гастроэнтеролога высшей категории первичный', 1000),
(10, 2, 'Прием врача-гастроэнтеролога высшей категории повторный', 800),
(11, 2, 'Прием врача-гастроэнтеролога высшей категории первичный с ФГДС и тестом на Хеликобактер', 2700),
(12, 3, 'Первичный прием дерматовенеролога', 800),
(13, 3, 'Повторный прием дерматовенеролога', 660),
(14, 4, 'Первичный прием врача-кардиолога', 800),
(15, 4, 'Первичный прием врача-кардиолога высшей категории', 1000),
(16, 4, 'Повторный прием врача-кардиолога', 660),
(17, 4, 'Повторный прием врача-кардиолога высшей категории', 800),
(18, 4, 'Консультация кардиолога по психосоматическим заболеваниям', 2500),
(19, 4, 'ЭКГ с нагрузкой', 560),
(20, 5, 'Первичный прием невролога', 1000),
(21, 5, 'Повторный прием невролога', 800),
(22, 5, 'Лечебно-медикаментозная блокада лекарственным препаратом \"Дексаметазон\"', 1000),
(23, 5, 'Лечебно-медикаментозная блокада лекарственным препаратом \"Дипроспан\"', 1200),
(24, 5, 'Внутримышечная инъекция лекарственного препарата \"Дексаметазона\"', 300),
(25, 6, 'Первичный прием врача-онколога', 1000),
(26, 6, 'Повторный прием врача-онколога', 800),
(27, 6, 'Тонкоигольная пункционная биопсия опухолей кожи и мягких тканей', 800),
(28, 6, 'Тонкоигольная пункционная биопсия молочной железы', 800),
(29, 6, 'Тонкоигольная пункционная биопсия молочной железы под контролем УЗИ молочной железы', 3000),
(30, 7, 'Прием (осмотр, консультация) врача-оториноларинголога первичный', 800),
(31, 7, 'Прием (осмотр, консультация) врача-оториноларинголога повторный', 660),
(32, 7, 'Прием (осмотр, консультация) врача-оториноларинголога высшей квалификационной категории первичный', 1000),
(33, 7, 'Прием (осмотр, консультация) врача-оториноларинголога высшей квалификационной категории повторный', 800),
(34, 8, 'Первичный прием офтальмолога', 1000),
(35, 8, 'Первичный прием глаукомных больных (острота зрения, ВГД, контроль терапии, поля зрения, офтальмоскопия)', 1150),
(36, 8, 'Повторный приём офтальмолога', 800),
(37, 9, 'Первичный прием врача-психотерапевта', 1500),
(38, 10, 'Первичный прием-ревматолога', 800),
(39, 10, 'Повторный прием-ревматолога', 600),
(40, 10, 'Паравертебральная блокада (без стоимости лекарственных средств)', 900),
(41, 11, 'Первичный прием сердечно-сосудистого хирурга', 1000),
(42, 11, 'Повторный прием сердечно-сосудистого хирурга', 800),
(43, 12, ' Первичный прием терапевта', 800),
(44, 12, 'Повторный прием терапевта', 600),
(45, 13, 'Первичный прием врача-колопроктолога', 950),
(46, 13, 'Повторный прием врача-колопроктолога', 850),
(47, 13, 'Иссечение хронической анальной трещины', 7500),
(48, 13, 'Блокада при острой трещине', 1730),
(49, 14, 'Прием (осмотр, консультация) врача-уролога первичный', 800),
(50, 14, 'Прием (осмотр, консультация) врача-уролога повторный', 660),
(51, 14, 'Прием (осмотр, консультация) врача-андролога первичный', 1000),
(52, 14, 'Прием (осмотр, консультация) врача-андролога повторный', 800),
(53, 15, 'Прием (осмотр, консультация) врача-хирурга первичный', 800),
(54, 15, 'Прием (осмотр, консультация) врача-хирурга повторный', 660),
(55, 15, 'Удаление инородного тела мягких тканей III категории (глубоко в мягких тканях)', 300),
(56, 15, 'Наложение повязки фиксирующей (ушибы, растяжения)', 700),
(57, 16, 'Прием эндокринолога высшей категории первичный', 1200),
(58, 16, 'Прием эндокринолога высшей категории повторный', 800),
(59, 16, 'Профессиональный уход за стопой при сахарном диабете (удаление гиперкератоза и омозоленностей) ', 1200);

-- --------------------------------------------------------

--
-- Структура таблицы `specializations`
--

CREATE TABLE `specializations` (
  `id` int(10) NOT NULL,
  `specialization` text COLLATE utf8_unicode_ci NOT NULL
) ENGINE=InnoDB DEFAULT CHARSET=utf8 COLLATE=utf8_unicode_ci;

--
-- Дамп данных таблицы `specializations`
--

INSERT INTO `specializations` (`id`, `specialization`) VALUES
(0, 'Акушерство и гинекология'),
(1, 'Аллергология и иммунология'),
(2, 'Гастроэнтерология'),
(3, 'Дерматовенерология'),
(4, 'Кардиология'),
(5, 'Неврология'),
(6, 'Онкология'),
(7, 'Оториноларингология'),
(8, 'Офтальмология'),
(9, 'Психиатрия-наркология'),
(10, 'Ревматология'),
(11, 'Сердечно-сосудистая хирургия'),
(12, 'Терапия'),
(13, 'Колопроктология'),
(14, 'Урология'),
(15, 'Хирургия'),
(16, 'Эндокринология');

-- --------------------------------------------------------

--
-- Структура таблицы `svobodnoevremya`
--

CREATE TABLE `svobodnoevremya` (
  `id` int(11) NOT NULL,
  `idvrach` int(11) NOT NULL,
  `iddata` int(11) NOT NULL,
  `Data` text NOT NULL,
  `vrem1` text NOT NULL,
  `vrem2` text NOT NULL,
  `vrem3` text NOT NULL,
  `vrem4` text NOT NULL,
  `vrem5` text NOT NULL,
  `vrem6` text NOT NULL,
  `vrem7` text NOT NULL,
  `vrem8` text NOT NULL,
  `vrem9` text NOT NULL,
  `vrem10` text NOT NULL,
  `vrem12` text NOT NULL,
  `vrem13` text NOT NULL,
  `vrem14` text NOT NULL,
  `vrem15` text NOT NULL,
  `vrem16` text NOT NULL,
  `vrem17` text NOT NULL,
  `vrem18` text NOT NULL,
  `vrem19` text NOT NULL,
  `vrem20` text NOT NULL,
  `vrem21` text NOT NULL,
  `vrem22` text NOT NULL,
  `vrem23` text NOT NULL,
  `vrem24` text NOT NULL,
  `vrem25` text NOT NULL,
  `vrem26` text NOT NULL,
  `vrem27` text NOT NULL,
  `vrem28` text NOT NULL,
  `vrem29` text NOT NULL,
  `vrem30` text NOT NULL,
  `vrem31` text NOT NULL,
  `vrem32` text NOT NULL
) ENGINE=InnoDB DEFAULT CHARSET=utf8;

-- --------------------------------------------------------

--
-- Структура таблицы `vrachi`
--

CREATE TABLE `vrachi` (
  `id` int(11) NOT NULL,
  `Familia` tinytext NOT NULL,
  `Imya` tinytext NOT NULL,
  `Otch` tinytext NOT NULL,
  `Stag` int(11) NOT NULL,
  `Special` int(11) NOT NULL,
  `Uslugi` text NOT NULL,
  `Relagii` text NOT NULL,
  `RabDni` text NOT NULL,
  `RabTime` text NOT NULL,
  `Clinica` int(10) NOT NULL,
  `Cabinet` int(11) NOT NULL
) ENGINE=InnoDB DEFAULT CHARSET=utf8;

--
-- Дамп данных таблицы `vrachi`
--

INSERT INTO `vrachi` (`id`, `Familia`, `Imya`, `Otch`, `Stag`, `Special`, `Uslugi`, `Relagii`, `RabDni`, `RabTime`, `Clinica`, `Cabinet`) VALUES
(0, 'Иванова', 'Елена', 'Петровна', 4, 0, 'Прием врача-акушера-гинеколога первичный;Прием врача-акушера-гинеколога первичный с ультразвуковым исследованием органов малого таза;Прием врача-акушера-гинеколога повторный;Прием врача-акушера-гинеколога по беременности первичный;Прием врача-акушера-гинеколога по беременности повторный', '', '1.05.20;2.05.20;3.05.20;4.05.20;5.05.20;6.05.20;7.05.20;8.05.20;9.05.20;10.05.20;11.05.20;12.05.20;13.05.20;14.05.20;15.05.20;16.05.20;17.05.20;18.05.20;19.05.20;20.05.20;21.05.20;22.05.20;23.05.20;24.05.20;25.05.20;26.05.20;27.05.20;28.05.20;29.05.20;30.05.20;31.05.20;', '9:00-9:30;9:40-10:10;10:20-10:50;11:00-11:30;11:40-12:10;13:00-13:30;13:40-14:10;14:20-14:50;15:00-15:30;15:40-16:10;16:20-16:50;17:00-17:30;17:40-18:10;18:20-18:50;', 2, 1),
(1, 'Воробьева', 'Вероника', 'Алексеевна', 15, 0, 'Прием врача-акушера-гинеколога первичный;Прием врача-акушера-гинеколога первичный с ультразвуковым исследованием органов малого таза;Прием врача-акушера-гинеколога повторный;Прием врача-акушера-гинеколога по беременности первичный;Прием врача-акушера-гинеколога по беременности повторный', 'Кандидат медицинских наук (К.М.Н) Вторая категория', '1.05.20;2.05.20;3.05.20;4.05.20;5.05.20;6.05.20;7.05.20;8.05.20;9.05.20;10.05.20;11.05.20;12.05.20;13.05.20;14.05.20;15.05.20;16.05.20;17.05.20;18.05.20;19.05.20;20.05.20;21.05.20;22.05.20;23.05.20;24.05.20;25.05.20;26.05.20;27.05.20;28.05.20;29.05.20;30.05.20;31.05.20;', '9:00-9:30;9:40-10:10;10:20-10:50;11:00-11:30;11:40-12:10;13:00-13:30;13:40-14:10;14:20-14:50;15:00-15:30;15:40-16:10;16:20-16:50;17:00-17:30;17:40-18:10;18:20-18:50;', 2, 2),
(2, 'Соколова', 'Мария', 'Юрьевна', 11, 1, 'Первичный прием врача аллерголога-иммунолога;Повторный прием врача аллерголога-иммунолога', 'Кандидат медицинских наук', '1.05.20;2.05.20;3.05.20;4.05.20;5.05.20;6.05.20;7.05.20;8.05.20;9.05.20;10.05.20;11.05.20;12.05.20;13.05.20;14.05.20;15.05.20;16.05.20;17.05.20;18.05.20;19.05.20;20.05.20;21.05.20;22.05.20;23.05.20;24.05.20;25.05.20;26.05.20;27.05.20;28.05.20;29.05.20;30.05.20;31.05.20;\r\n', '9:00-9:20;9:30-9:50;10:00-10:20;10:30-10:50;11:00-11:20;11:30-11:50;12:00-12:20;12:30-12:50;13:00-13:20;13:30-13:50;14:00-14:20;14:30-14:50;15:00-15:20;15:30-15:50;16:00-16:20;16:30-16:50;17:00-17:20;17:30-17:50;', 2, 3),
(3, 'Макаренко', 'Оксана', 'Владимировна', 44, 2, 'Первичный прием гастроэнтеролога;Повторный прием гастроэнтеролога;Прием врача-гастроэнтеролога высшей категории первичный;Прием врача-гастроэнтеролога высшей категории повторный;Прием врача-гастроэнтеролога высшей категории первичный с ФГДС и тестом на Хеликобактер', 'Высшая категория по специальности гастроэнтерология', '1.05.20;2.05.20;3.05.20;4.05.20;5.05.20;6.05.20;7.05.20;8.05.20;9.05.20;10.05.20;11.05.20;12.05.20;13.05.20;14.05.20;15.05.20;16.05.20;17.05.20;18.05.20;19.05.20;20.05.20;21.05.20;22.05.20;23.05.20;24.05.20;25.05.20;26.05.20;27.05.20;28.05.20;29.05.20;30.05.20;31.05.20;', '9:00-9:15;9:30-9:45;10:00-10:15;10:30-10:45;11:00-11:15;11:30-11:45;12:00-12:15;12:30-12:45;13:00-13:15;13:30-13:45;14:00-14:15;14:30-14:45;15:00-15:15;15:30-15:45;16:00-16:15;16:30-16:45;17:00-17:15;17:30-17:45;', 2, 4),
(4, 'Маркова', 'Лидия', 'Викторовна', 10, 2, 'Первичный прием гастроэнтеролога;Повторный прием гастроэнтеролога;Прием врача-гастроэнтеролога высшей категории первичный;Прием врача-гастроэнтеролога высшей категории повторный;Прием врача-гастроэнтеролога высшей категории первичный с ФГДС и тестом на Хеликобактер', '', '1.05.20;2.05.20;3.05.20;4.05.20;5.05.20;6.05.20;7.05.20;8.05.20;9.05.20;10.05.20;11.05.20;12.05.20;13.05.20;14.05.20;15.05.20;16.05.20;17.05.20;18.05.20;19.05.20;20.05.20;21.05.20;22.05.20;23.05.20;24.05.20;25.05.20;26.05.20;27.05.20;28.05.20;29.05.20;30.05.20;31.05.20;', '9:00-9:15;9:30-9:45;10:00-10:15;10:30-10:45;11:00-11:15;11:30-11:45;12:00-12:15;12:30-12:45;13:00-13:15;13:30-13:45;14:00-14:15;14:30-14:45;15:00-15:15;15:30-15:45;16:00-16:15;16:30-16:45;17:00-17:15;17:30-17:45;', 2, 5),
(5, 'Григорьева', 'Александра', 'Петровна', 7, 3, 'Первичный прием дерматовенеролога;Повторный прием дерматовенеролога', '', '1.05.20;2.05.20;3.05.20;4.05.20;5.05.20;6.05.20;7.05.20;8.05.20;9.05.20;10.05.20;11.05.20;12.05.20;13.05.20;14.05.20;15.05.20;16.05.20;17.05.20;18.05.20;19.05.20;20.05.20;21.05.20;22.05.20;23.05.20;24.05.20;25.05.20;26.05.20;27.05.20;28.05.20;29.05.20;30.05.20;31.05.20;', '9:00-9:15;9:30-9:45;10:00-10:15;10:30-10:45;11:00-11:15;11:30-11:45;12:00-12:15;12:30-12:45;13:00-13:15;13:30-13:45;14:00-14:15;14:30-14:45;15:00-15:15;15:30-15:45;16:00-16:15;16:30-16:45;17:00-17:15;17:30-17:45;', 2, 6),
(6, 'Гончарова', 'Ангелина', 'Юрьевна', 6, 3, 'Первичный прием дерматовенеролога;Повторный прием дерматовенеролога', '', '1.05.20;2.05.20;3.05.20;4.05.20;5.05.20;6.05.20;7.05.20;8.05.20;9.05.20;10.05.20;11.05.20;12.05.20;13.05.20;14.05.20;15.05.20;16.05.20;17.05.20;18.05.20;19.05.20;20.05.20;21.05.20;22.05.20;23.05.20;24.05.20;25.05.20;26.05.20;27.05.20;28.05.20;29.05.20;30.05.20;31.05.20;', '9:00-9:15;9:30-9:45;10:00-10:15;10:30-10:45;11:00-11:15;11:30-11:45;12:00-12:15;12:30-12:45;13:00-13:15;13:30-13:45;14:00-14:15;14:30-14:45;15:00-15:15;15:30-15:45;16:00-16:15;16:30-16:45;17:00-17:15;17:30-17:45;', 2, 7),
(7, 'Григорьевна', 'Виктория', 'Павловна', 20, 4, 'Первичный прием врача-кардиолога;Первичный прием врача-кардиолога высшей категории;Повторный прием врача-кардиолога;Повторный прием врача-кардиолога высшей категории;Консультация кардиолога по психосоматическим заболеваниям;ЭКГ с нагрузкой', 'Высшая категория по специальности кардиология', '1.05.20;2.05.20;3.05.20;4.05.20;5.05.20;6.05.20;7.05.20;8.05.20;9.05.20;10.05.20;11.05.20;12.05.20;13.05.20;14.05.20;15.05.20;16.05.20;17.05.20;18.05.20;19.05.20;20.05.20;21.05.20;22.05.20;23.05.20;24.05.20;25.05.20;26.05.20;27.05.20;28.05.20;29.05.20;30.05.20;31.05.20;', '9:00-9:30;9:40-10:10;10:20-10:50;11:00-11:30;11:40-12:10;13:00-13:30;13:40-14:10;14:20-14:50;15:00-15:30;15:40-16:10;16:20-16:50;17:00-17:30;17:40-18:10;18:20-18:50;', 2, 8),
(8, 'Потоцкая', 'Ирина', 'Игоревна', 11, 4, 'Первичный прием врача-кардиолога;Первичный прием врача-кардиолога высшей категории;Повторный прием врача-кардиолога;Повторный прием врача-кардиолога высшей категории;Консультация кардиолога по психосоматическим заболеваниям;ЭКГ с нагрузкой', 'Высшая категория по специальности кардиология', '1.05.20;2.05.20;3.05.20;4.05.20;5.05.20;6.05.20;7.05.20;8.05.20;9.05.20;10.05.20;11.05.20;12.05.20;13.05.20;14.05.20;15.05.20;16.05.20;17.05.20;18.05.20;19.05.20;20.05.20;21.05.20;22.05.20;23.05.20;24.05.20;25.05.20;26.05.20;27.05.20;28.05.20;29.05.20;30.05.20;31.05.20;', '9:00-9:30;9:40-10:10;10:20-10:50;11:00-11:30;11:40-12:10;13:00-13:30;13:40-14:10;14:20-14:50;15:00-15:30;15:40-16:10;16:20-16:50;17:00-17:30;17:40-18:10;18:20-18:50;', 2, 9),
(9, 'Пожидаев', 'Олег', 'Викторович', 8, 5, 'Первичный прием невролога;Повторный прием невролога;Лечебно-медикаментозная блокада лекарственным препаратом \"Дексаметазон\";Лечебно-медикаментозная блокада лекарственным препаратом \"Дипроспан\";Внутримышечная инъекция лекарственного препарата \"Дексаметазона\"', '', '1.05.20;2.05.20;3.05.20;4.05.20;5.05.20;6.05.20;7.05.20;8.05.20;9.05.20;10.05.20;11.05.20;12.05.20;13.05.20;14.05.20;15.05.20;16.05.20;17.05.20;18.05.20;19.05.20;20.05.20;21.05.20;22.05.20;23.05.20;24.05.20;25.05.20;26.05.20;27.05.20;28.05.20;29.05.20;30.05.20;31.05.20;', '9:00-9:30;9:40-10:10;10:20-10:50;11:00-11:30;11:40-12:10;13:00-13:30;13:40-14:10;14:20-14:50;15:00-15:30;15:40-16:10;16:20-16:50;17:00-17:30;17:40-18:10;18:20-18:50;', 2, 10),
(10, 'Буев', 'Дмитрий', 'Игоревич', 15, 5, 'Первичный прием невролога;Повторный прием невролога;Лечебно-медикаментозная блокада лекарственным препаратом \"Дексаметазон\";Лечебно-медикаментозная блокада лекарственным препаратом \"Дипроспан\";Внутримышечная инъекция лекарственного препарата \"Дексаметазона\"', 'Высшая категория по специальности неврология', '1.05.20;2.05.20;3.05.20;4.05.20;5.05.20;6.05.20;7.05.20;8.05.20;9.05.20;10.05.20;11.05.20;12.05.20;13.05.20;14.05.20;15.05.20;16.05.20;17.05.20;18.05.20;19.05.20;20.05.20;21.05.20;22.05.20;23.05.20;24.05.20;25.05.20;26.05.20;27.05.20;28.05.20;29.05.20;30.05.20;31.05.20;', '9:00-9:30;9:40-10:10;10:20-10:50;11:00-11:30;11:40-12:10;13:00-13:30;13:40-14:10;14:20-14:50;15:00-15:30;15:40-16:10;16:20-16:50;17:00-17:30;17:40-18:10;18:20-18:50;', 2, 11),
(11, 'Попов', 'Олег', 'Викторович', 21, 6, 'Первичный прием врача-онколога;Повторный прием врача-онколога;Тонкоигольная пункционная биопсия опухолей кожи и мягких тканей;Тонкоигольная пункционная биопсия молочной железы;Тонкоигольная пункционная биопсия молочной железы под контролем УЗИ молочной железы', 'Высшая категория по специальности онкология', '1.05.20;2.05.20;3.05.20;4.05.20;5.05.20;6.05.20;7.05.20;8.05.20;9.05.20;10.05.20;11.05.20;12.05.20;13.05.20;14.05.20;15.05.20;16.05.20;17.05.20;18.05.20;19.05.20;20.05.20;21.05.20;22.05.20;23.05.20;24.05.20;25.05.20;26.05.20;27.05.20;28.05.20;29.05.20;30.05.20;31.05.20;', '9:00-9:45;10:00-10:45;11:00-11:45;12:00-12:45;14:00-14:45;15:00-15:45;16:00-16:45;17:00-17:45;18:00-18:45;\r\n', 2, 12),
(12, 'Пурясьева', 'Дарья', 'Олеговна', 4, 7, 'Прием (осмотр, консультация) врача-оториноларинголога первичный;Прием (осмотр, консультация) врача-оториноларинголога повторный;Прием (осмотр, консультация) врача-оториноларинголога высшей квалификационной категории первичный;Прием (осмотр, консультация) врача-оториноларинголога высшей квалификационной категории повторный', '', '1.05.20;2.05.20;3.05.20;4.05.20;5.05.20;6.05.20;7.05.20;8.05.20;9.05.20;10.05.20;11.05.20;12.05.20;13.05.20;14.05.20;15.05.20;16.05.20;17.05.20;18.05.20;19.05.20;20.05.20;21.05.20;22.05.20;23.05.20;24.05.20;25.05.20;26.05.20;27.05.20;28.05.20;29.05.20;30.05.20;31.05.20;', '9:00-9:15;9:30-9:45;10:00-10:15;10:30-10:45;11:00-11:15;11:30-11:45;12:00-12:15;12:30-12:45;13:00-13:15;13:30-13:45;14:00-14:15;14:30-14:45;15:00-15:15;15:30-15:45;16:00-16:15;16:30-16:45;17:00-17:15;17:30-17:45;', 2, 13),
(13, 'Коновалова', 'Мария', 'Александровна', 21, 7, 'Прием (осмотр, консультация) врача-оториноларинголога первичный;Прием (осмотр, консультация) врача-оториноларинголога повторный;Прием (осмотр, консультация) врача-оториноларинголога высшей квалификационной категории первичный;Прием (осмотр, консультация) врача-оториноларинголога высшей квалификационной категории повторный', 'Высшая категория по специальности оториноларингология', '1.05.20;2.05.20;3.05.20;4.05.20;5.05.20;6.05.20;7.05.20;8.05.20;9.05.20;10.05.20;11.05.20;12.05.20;13.05.20;14.05.20;15.05.20;16.05.20;17.05.20;18.05.20;19.05.20;20.05.20;21.05.20;22.05.20;23.05.20;24.05.20;25.05.20;26.05.20;27.05.20;28.05.20;29.05.20;30.05.20;31.05.20;', '9:00-9:15;9:30-9:45;10:00-10:15;10:30-10:45;11:00-11:15;11:30-11:45;12:00-12:15;12:30-12:45;13:00-13:15;13:30-13:45;14:00-14:15;14:30-14:45;15:00-15:15;15:30-15:45;16:00-16:15;16:30-16:45;17:00-17:15;17:30-17:45;', 2, 14),
(14, 'Кирова', 'Галина', 'Петровна', 1, 8, 'Первичный прием офтальмолога;Первичный прием глаукомных больных (острота зрения, ВГД, контроль терапии, поля зрения, офтальмоскопия);Повторный приём офтальмолога', '', '1.05.20;2.05.20;3.05.20;4.05.20;5.05.20;6.05.20;7.05.20;8.05.20;9.05.20;10.05.20;11.05.20;12.05.20;13.05.20;14.05.20;15.05.20;16.05.20;17.05.20;18.05.20;19.05.20;20.05.20;21.05.20;22.05.20;23.05.20;24.05.20;25.05.20;26.05.20;27.05.20;28.05.20;29.05.20;30.05.20;31.05.20;', '9:00-9:15;9:30-9:45;10:00-10:15;10:30-10:45;11:00-11:15;11:30-11:45;12:00-12:15;12:30-12:45;13:00-13:15;13:30-13:45;14:00-14:15;14:30-14:45;15:00-15:15;15:30-15:45;16:00-16:15;16:30-16:45;17:00-17:15;17:30-17:45;', 2, 15),
(15, 'Федотов', 'Максим', 'Александрович', 13, 9, 'Первичный прием врача-психотерапевта', '', '1.05.20;2.05.20;3.05.20;4.05.20;5.05.20;6.05.20;7.05.20;8.05.20;9.05.20;10.05.20;11.05.20;12.05.20;13.05.20;14.05.20;15.05.20;16.05.20;17.05.20;18.05.20;19.05.20;20.05.20;21.05.20;22.05.20;23.05.20;24.05.20;25.05.20;26.05.20;27.05.20;28.05.20;29.05.20;30.05.20;31.05.20;', '9:00-9:45;10:00-10:45;11:00-11:45;12:00-12:45;14:00-14:45;15:00-15:45;16:00-16:45;17:00-17:45;18:00-18:45;', 2, 16),
(16, 'Жаворонова', 'Наталья', 'Олеговна', 4, 10, 'Первичный прием-ревматолога;Повторный прием-ревматолога;Паравертебральная блокада (без стоимости лекарственных средств)', 'Вторая категория по специальности ревматология', '1.05.20;2.05.20;3.05.20;4.05.20;5.05.20;6.05.20;7.05.20;8.05.20;9.05.20;10.05.20;11.05.20;12.05.20;13.05.20;14.05.20;15.05.20;16.05.20;17.05.20;18.05.20;19.05.20;20.05.20;21.05.20;22.05.20;23.05.20;24.05.20;25.05.20;26.05.20;27.05.20;28.05.20;29.05.20;30.05.20;31.05.20;\r\n', '9:00-9:30;9:40-10:10;10:20-10:50;11:00-11:30;11:40-12:10;13:00-13:30;13:40-14:10;14:20-14:50;15:00-15:30;15:40-16:10;16:20-16:50;17:00-17:30;17:40-18:10;18:20-18:50;', 2, 17),
(17, 'Морозова', 'Вера', 'Юрьевна', 10, 10, 'Первичный прием-ревматолога;Повторный прием-ревматолога;Паравертебральная блокада (без стоимости лекарственных средств)', 'Первая квалификационная категория по специальности ревматология', '1.05.20;2.05.20;3.05.20;4.05.20;5.05.20;6.05.20;7.05.20;8.05.20;9.05.20;10.05.20;11.05.20;12.05.20;13.05.20;14.05.20;15.05.20;16.05.20;17.05.20;18.05.20;19.05.20;20.05.20;21.05.20;22.05.20;23.05.20;24.05.20;25.05.20;26.05.20;27.05.20;28.05.20;29.05.20;30.05.20;31.05.20;', '9:00-9:30;9:40-10:10;10:20-10:50;11:00-11:30;11:40-12:10;13:00-13:30;13:40-14:10;14:20-14:50;15:00-15:30;15:40-16:10;16:20-16:50;17:00-17:30;17:40-18:10;18:20-18:50;', 2, 18),
(18, 'Морозюк', 'Андрей', 'Денисович', 8, 11, 'Первичный прием сердечно-сосудистого хирурга;Повторный прием сердечно-сосудистого хирурга', '', '1.05.20;2.05.20;3.05.20;4.05.20;5.05.20;6.05.20;7.05.20;8.05.20;9.05.20;10.05.20;11.05.20;12.05.20;13.05.20;14.05.20;15.05.20;16.05.20;17.05.20;18.05.20;19.05.20;20.05.20;21.05.20;22.05.20;23.05.20;24.05.20;25.05.20;26.05.20;27.05.20;28.05.20;29.05.20;30.05.20;31.05.20;\r\n', '9:00-9:30;9:40-10:10;10:20-10:50;11:00-11:30;11:40-12:10;13:00-13:30;13:40-14:10;14:20-14:50;15:00-15:30;15:40-16:10;16:20-16:50;17:00-17:30;17:40-18:10;18:20-18:50;', 2, 19),
(19, 'Хомутникова', 'Ирина', 'Ивановна', 13, 11, 'Первичный прием сердечно-сосудистого хирурга;Повторный прием сердечно-сосудистого хирурга', 'Высшая категория', '1.05.20;2.05.20;3.05.20;4.05.20;5.05.20;6.05.20;7.05.20;8.05.20;9.05.20;10.05.20;11.05.20;12.05.20;13.05.20;14.05.20;15.05.20;16.05.20;17.05.20;18.05.20;19.05.20;20.05.20;21.05.20;22.05.20;23.05.20;24.05.20;25.05.20;26.05.20;27.05.20;28.05.20;29.05.20;30.05.20;31.05.20;', '9:00-9:30;9:40-10:10;10:20-10:50;11:00-11:30;11:40-12:10;13:00-13:30;13:40-14:10;14:20-14:50;15:00-15:30;15:40-16:10;16:20-16:50;17:00-17:30;17:40-18:10;18:20-18:50;\r\n', 2, 20),
(20, 'Кузина', 'Екатерина', 'Петровна', 33, 12, 'Первичный прием терапевта;Повторный прием терапевта', 'Первая категория по специальности терапия', '1.05.20;2.05.20;3.05.20;4.05.20;5.05.20;6.05.20;7.05.20;8.05.20;9.05.20;10.05.20;11.05.20;12.05.20;13.05.20;14.05.20;15.05.20;16.05.20;17.05.20;18.05.20;19.05.20;20.05.20;21.05.20;22.05.20;23.05.20;24.05.20;25.05.20;26.05.20;27.05.20;28.05.20;29.05.20;30.05.20;31.05.20;', '9:00-9:30;9:40-10:10;10:20-10:50;11:00-11:30;11:40-12:10;13:00-13:30;13:40-14:10;14:20-14:50;15:00-15:30;15:40-16:10;16:20-16:50;17:00-17:30;17:40-18:10;18:20-18:50;', 2, 21),
(21, 'Воробьев', 'Тимофей', 'Дмитриевич', 2, 12, 'Первичный прием терапевта;Повторный прием терапевта', '', '1.05.20;2.05.20;3.05.20;4.05.20;5.05.20;6.05.20;7.05.20;8.05.20;9.05.20;10.05.20;11.05.20;12.05.20;13.05.20;14.05.20;15.05.20;16.05.20;17.05.20;18.05.20;19.05.20;20.05.20;21.05.20;22.05.20;23.05.20;24.05.20;25.05.20;26.05.20;27.05.20;28.05.20;29.05.20;30.05.20;31.05.20;', '9:00-9:30;9:40-10:10;10:20-10:50;11:00-11:30;11:40-12:10;13:00-13:30;13:40-14:10;14:20-14:50;15:00-15:30;15:40-16:10;16:20-16:50;17:00-17:30;17:40-18:10;18:20-18:50;\r\n', 2, 22),
(22, 'Рыбаков', 'Саава', 'Игоревич', 22, 13, 'Первичный прием врача-колопроктолога;Повторный прием врача-колопроктолога;Иссечение хронической анальной трещины;Блокада при острой трещине', '', '1.05.20;2.05.20;3.05.20;4.05.20;5.05.20;6.05.20;7.05.20;8.05.20;9.05.20;10.05.20;11.05.20;12.05.20;13.05.20;14.05.20;15.05.20;16.05.20;17.05.20;18.05.20;19.05.20;20.05.20;21.05.20;22.05.20;23.05.20;24.05.20;25.05.20;26.05.20;27.05.20;28.05.20;29.05.20;30.05.20;31.05.20;', '9:00-9:20;9:30-9:50;10:00-10:20;10:30-10:50;11:00-11:20;11:30-11:50;12:00-12:20;12:30-12:50;13:00-13:20;13:30-13:50;14:00-14:20;14:30-14:50;15:00-15:20;15:30-15:50;16:00-16:20;16:30-16:50;17:00-17:20;17:30-17:50;\r\n', 2, 23),
(23, 'Казанов', 'Олег', 'Андреевич', 23, 14, 'Прием (осмотр, консультация) врача-уролога первичный;Прием (осмотр, консультация) врача-уролога повторный;Прием (осмотр, консультация) врача-андролога первичный;Прием (осмотр, консультация) врача-андролога повторный', 'Кандидат медицинских наук', '1.05.20;2.05.20;3.05.20;4.05.20;5.05.20;6.05.20;7.05.20;8.05.20;9.05.20;10.05.20;11.05.20;12.05.20;13.05.20;14.05.20;15.05.20;16.05.20;17.05.20;18.05.20;19.05.20;20.05.20;21.05.20;22.05.20;23.05.20;24.05.20;25.05.20;26.05.20;27.05.20;28.05.20;29.05.20;30.05.20;31.05.20;', '9:00-9:20;9:30-9:50;10:00-10:20;10:30-10:50;11:00-11:20;11:30-11:50;12:00-12:20;12:30-12:50;13:00-13:20;13:30-13:50;14:00-14:20;14:30-14:50;15:00-15:20;15:30-15:50;16:00-16:20;16:30-16:50;17:00-17:20;17:30-17:50;', 2, 24),
(24, 'Волков', 'Сергей', 'Николаевич', 34, 15, 'Прием (осмотр, консультация) врача-хирурга первичный;Прием (осмотр, консультация) врача-хирурга повторный;Удаление инородного тела мягких тканей III категории (глубоко в мягких тканях);Наложение повязки фиксирующей (ушибы, растяжения)\r\n', 'Доктор медицинских наук , высшая категория', '1.05.20;2.05.20;3.05.20;4.05.20;5.05.20;6.05.20;7.05.20;8.05.20;9.05.20;10.05.20;11.05.20;12.05.20;13.05.20;14.05.20;15.05.20;16.05.20;17.05.20;18.05.20;19.05.20;20.05.20;21.05.20;22.05.20;23.05.20;24.05.20;25.05.20;26.05.20;27.05.20;28.05.20;29.05.20;30.05.20;31.05.20;', '9:00-9:30;9:40-10:10;10:20-10:50;11:00-11:30;11:40-12:10;13:00-13:30;13:40-14:10;14:20-14:50;15:00-15:30;15:40-16:10;16:20-16:50;17:00-17:30;17:40-18:10;18:20-18:50;', 2, 25),
(25, 'Торопов', 'Денис', 'Петрович', 16, 15, 'Прием (осмотр, консультация) врача-хирурга первичный;Прием (осмотр, консультация) врача-хирурга повторный;Удаление инородного тела мягких тканей III категории (глубоко в мягких тканях);Наложение повязки фиксирующей (ушибы, растяжения)\r\n', 'Высшая категория', '1.05.20;2.05.20;3.05.20;4.05.20;5.05.20;6.05.20;7.05.20;8.05.20;9.05.20;10.05.20;11.05.20;12.05.20;13.05.20;14.05.20;15.05.20;16.05.20;17.05.20;18.05.20;19.05.20;20.05.20;21.05.20;22.05.20;23.05.20;24.05.20;25.05.20;26.05.20;27.05.20;28.05.20;29.05.20;30.05.20;31.05.20;', '9:00-9:30;9:40-10:10;10:20-10:50;11:00-11:30;11:40-12:10;13:00-13:30;13:40-14:10;14:20-14:50;15:00-15:30;15:40-16:10;16:20-16:50;17:00-17:30;17:40-18:10;18:20-18:50;', 2, 26),
(26, 'Котиева', 'Наталья', 'Петровна', 26, 16, 'Прием эндокринолога высшей категории первичный;Прием эндокринолога высшей категории  повторный;Профессиональный уход за стопой при сахарном диабете (удаление гиперкератоза и омозоленностей)', 'Высшая категория по специальности эндокринология', '1.05.20;2.05.20;3.05.20;4.05.20;5.05.20;6.05.20;7.05.20;8.05.20;9.05.20;10.05.20;11.05.20;12.05.20;13.05.20;14.05.20;15.05.20;16.05.20;17.05.20;18.05.20;19.05.20;20.05.20;21.05.20;22.05.20;23.05.20;24.05.20;25.05.20;26.05.20;27.05.20;28.05.20;29.05.20;30.05.20;31.05.20;', '9:00-9:30;9:40-10:10;10:20-10:50;11:00-11:30;11:40-12:10;13:00-13:30;13:40-14:10;14:20-14:50;15:00-15:30;15:40-16:10;16:20-16:50;17:00-17:30;17:40-18:10;18:20-18:50;', 2, 27),
(27, 'Свириденко', 'Антон', 'Дмитриевич', 12, 16, 'Прием эндокринолога высшей категории первичный;Прием эндокринолога высшей категории  повторный;Профессиональный уход за стопой при сахарном диабете (удаление гиперкератоза и омозоленностей)', '', '1.05.20;2.05.20;3.05.20;4.05.20;5.05.20;6.05.20;7.05.20;8.05.20;9.05.20;10.05.20;11.05.20;12.05.20;13.05.20;14.05.20;15.05.20;16.05.20;17.05.20;18.05.20;19.05.20;20.05.20;21.05.20;22.05.20;23.05.20;24.05.20;25.05.20;26.05.20;27.05.20;28.05.20;29.05.20;30.05.20;31.05.20;', '9:00-9:30;9:40-10:10;10:20-10:50;11:00-11:30;11:40-12:10;13:00-13:30;13:40-14:10;14:20-14:50;15:00-15:30;15:40-16:10;16:20-16:50;17:00-17:30;17:40-18:10;18:20-18:50;', 2, 28);

-- --------------------------------------------------------

--
-- Структура таблицы `zapis`
--

CREATE TABLE `zapis` (
  `id` int(11) NOT NULL,
  `Familia` tinytext NOT NULL,
  `Imya` tinytext NOT NULL,
  `Otchestvo` tinytext NOT NULL,
  `Telefon` tinytext NOT NULL,
  `Napravlenie` int(10) NOT NULL,
  `Usluga` int(10) NOT NULL,
  `Vrach` int(10) NOT NULL,
  `Data` int(10) NOT NULL,
  `Vremya` tinytext NOT NULL,
  `Adress_Kliniki` tinytext NOT NULL
) ENGINE=InnoDB DEFAULT CHARSET=utf8;

--
-- Дамп данных таблицы `zapis`
--

INSERT INTO `zapis` (`id`, `Familia`, `Imya`, `Otchestvo`, `Telefon`, `Napravlenie`, `Usluga`, `Vrach`, `Data`, `Vremya`, `Adress_Kliniki`) VALUES
(12, 'Тимофей', 'Шабров', 'Станиславович', '89859863313', 3, 4, 1, 122314, '14124124', 'Адрес');

--
-- Индексы сохранённых таблиц
--

--
-- Индексы таблицы `call`
--
ALTER TABLE `call`
  ADD PRIMARY KEY (`id`);

--
-- Индексы таблицы `clinics`
--
ALTER TABLE `clinics`
  ADD PRIMARY KEY (`id`);

--
-- Индексы таблицы `services`
--
ALTER TABLE `services`
  ADD PRIMARY KEY (`id`),
  ADD KEY `specialization` (`specialization`);

--
-- Индексы таблицы `specializations`
--
ALTER TABLE `specializations`
  ADD PRIMARY KEY (`id`);
ALTER TABLE `specializations` ADD FULLTEXT KEY `specialization` (`specialization`);

--
-- Индексы таблицы `svobodnoevremya`
--
ALTER TABLE `svobodnoevremya`
  ADD PRIMARY KEY (`id`),
  ADD UNIQUE KEY `idvrach` (`idvrach`),
  ADD KEY `idvrach_2` (`idvrach`);

--
-- Индексы таблицы `vrachi`
--
ALTER TABLE `vrachi`
  ADD PRIMARY KEY (`id`),
  ADD KEY `Clinica` (`Clinica`),
  ADD KEY `Special` (`Special`);

--
-- Индексы таблицы `zapis`
--
ALTER TABLE `zapis`
  ADD PRIMARY KEY (`id`),
  ADD KEY `Usluga` (`Usluga`),
  ADD KEY `Vrach` (`Vrach`),
  ADD KEY `Data` (`Data`),
  ADD KEY `Napravlenie` (`Napravlenie`);

--
-- AUTO_INCREMENT для сохранённых таблиц
--

--
-- AUTO_INCREMENT для таблицы `call`
--
ALTER TABLE `call`
  MODIFY `id` int(11) NOT NULL AUTO_INCREMENT;

--
-- AUTO_INCREMENT для таблицы `clinics`
--
ALTER TABLE `clinics`
  MODIFY `id` int(11) NOT NULL AUTO_INCREMENT, AUTO_INCREMENT=3;

--
-- AUTO_INCREMENT для таблицы `services`
--
ALTER TABLE `services`
  MODIFY `id` int(11) NOT NULL AUTO_INCREMENT, AUTO_INCREMENT=60;

--
-- AUTO_INCREMENT для таблицы `specializations`
--
ALTER TABLE `specializations`
  MODIFY `id` int(10) NOT NULL AUTO_INCREMENT, AUTO_INCREMENT=19;

--
-- AUTO_INCREMENT для таблицы `vrachi`
--
ALTER TABLE `vrachi`
  MODIFY `id` int(11) NOT NULL AUTO_INCREMENT, AUTO_INCREMENT=28;

--
-- AUTO_INCREMENT для таблицы `zapis`
--
ALTER TABLE `zapis`
  MODIFY `id` int(11) NOT NULL AUTO_INCREMENT, AUTO_INCREMENT=13;

--
-- Ограничения внешнего ключа сохраненных таблиц
--

--
-- Ограничения внешнего ключа таблицы `services`
--
ALTER TABLE `services`
  ADD CONSTRAINT `services_ibfk_2` FOREIGN KEY (`specialization`) REFERENCES `specializations` (`id`);

--
-- Ограничения внешнего ключа таблицы `svobodnoevremya`
--
ALTER TABLE `svobodnoevremya`
  ADD CONSTRAINT `svobodnoevremya_ibfk_1` FOREIGN KEY (`id`) REFERENCES `zapis` (`Data`),
  ADD CONSTRAINT `svobodnoevremya_ibfk_2` FOREIGN KEY (`idvrach`) REFERENCES `vrachi` (`id`);

--
-- Ограничения внешнего ключа таблицы `vrachi`
--
ALTER TABLE `vrachi`
  ADD CONSTRAINT `vrachi_ibfk_2` FOREIGN KEY (`Clinica`) REFERENCES `clinics` (`id`),
  ADD CONSTRAINT `vrachi_ibfk_3` FOREIGN KEY (`Special`) REFERENCES `specializations` (`id`);

--
-- Ограничения внешнего ключа таблицы `zapis`
--
ALTER TABLE `zapis`
  ADD CONSTRAINT `zapis_ibfk_1` FOREIGN KEY (`Vrach`) REFERENCES `vrachi` (`id`),
  ADD CONSTRAINT `zapis_ibfk_2` FOREIGN KEY (`Napravlenie`) REFERENCES `specializations` (`id`),
  ADD CONSTRAINT `zapis_ibfk_3` FOREIGN KEY (`Usluga`) REFERENCES `services` (`id`);
COMMIT;

/*!40101 SET CHARACTER_SET_CLIENT=@OLD_CHARACTER_SET_CLIENT */;
/*!40101 SET CHARACTER_SET_RESULTS=@OLD_CHARACTER_SET_RESULTS */;
/*!40101 SET COLLATION_CONNECTION=@OLD_COLLATION_CONNECTION */;
